reiciendis exercitationem fugiat, 1
velit minus voluptatum, 3
illo quod at, 3
nulla nesciunt ipsa, 2
assumenda sunt veritatis, 1
nemo commodi aliquam, 3
deserunt incidunt facilis, 1
hic et illo, 1
quod incidunt suscipit, 1
sequi eligendi iure, 1
hic odio eum, 3
fuga sunt voluptatum, 2
delectus esse aliquam, 1
fugiat nam sapiente, 1
quaerat illum nihil, 1
exercitationem dignissimos cum, 3
excepturi similique pariatur, 1
voluptatum nam expedita, 2
quas distinctio eos, 3
ab iure pariatur, 2
provident aspernatur debitis, 2
ea quibusdam eveniet, 2
rerum eveniet est, 3
molestias tempore maiores, 3
maxime odit repudiandae, 3
dolor inventore alias, 3
impedit blanditiis commodi, 1
consequuntur labore quaerat, 2
aspernatur amet pariatur, 2
repellendus illum expedita, 2
voluptas illo dolores, 2
nobis quod fuga, 1
alias at repellat, 2
cum inventore perferendis, 1
unde dolore optio, 2
maiores neque sit, 3
fugiat similique id, 2
facere neque necessitatibus, 3
repellendus voluptate eum, 3
vero repudiandae quia, 3
quas eos eaque, 3
accusantium aspernatur earum, 1
necessitatibus vel vitae, 1
in qui non, 1
dolore nesciunt et, 2
quidem quisquam impedit, 2
incidunt et eveniet, 3
quisquam fuga dolorum, 3
laudantium eius quibusdam, 2
ducimus delectus natus, 1
minus deleniti expedita, 2
sequi ratione minus, 1
repellat laborum voluptas, 3
ea iste quas, 3
vitae facere magni, 3
aliquid ut omnis, 3
atque neque provident, 3
neque magni recusandae, 3
praesentium illo nesciunt, 2
ducimus quos harum, 3
quos nisi laudantium, 2
voluptates similique voluptas, 1
libero tempore repudiandae, 1
aliquam consequuntur facere, 3
deleniti non dolorum, 1
delectus eos iure, 3
occaecati voluptatum quos, 3
perspiciatis enim eligendi, 1
reiciendis omnis sunt, 2
ratione facere facilis, 1
occaecati architecto fugiat, 2
natus quaerat harum, 1
eius consequatur animi, 3
rem minima nam, 2
aliquam cupiditate autem, 3
soluta beatae nemo, 2
corporis exercitationem tempora, 1
consectetur minima vero, 1
error ullam ea, 2
nam assumenda nihil, 2
ullam nihil quasi, 1
eaque sequi reiciendis, 2
laudantium possimus aspernatur, 1
hic eaque voluptatem, 1
beatae nam reprehenderit, 2
explicabo nesciunt cum, 2
numquam facilis quasi, 3
totam sequi amet, 1
aliquam esse dicta, 2
aspernatur commodi aliquam, 1
ab delectus a, 1
molestiae ex impedit, 1
aspernatur cum quo, 2
explicabo necessitatibus quas, 1
perferendis occaecati molestias, 1
sunt nisi expedita, 1
vitae porro cumque, 2
explicabo ex sunt, 1
praesentium at quisquam, 1
consequuntur iste consequuntur, 3
temporibus cum veritatis, 3
ab aperiam beatae, 3
magnam provident cum, 3
blanditiis explicabo qui, 3
aperiam et accusantium, 2
explicabo numquam ipsa, 1
reprehenderit cupiditate repudiandae, 2
tempora architecto quo, 2
porro a voluptate, 2
itaque omnis iusto, 2
eaque veniam beatae, 1
tempora et porro, 2
quaerat officiis nam, 3
modi laboriosam voluptatibus, 3
quas nobis ad, 2
consectetur tempore sed, 2
ratione unde voluptate, 3
fuga iste aperiam, 1
quis fuga odio, 2
perferendis odio vero, 3
voluptatibus provident voluptates, 3
odio neque soluta, 2
minima qui consequatur, 3
aliquam laudantium ipsum, 1
dolore rem est, 3
libero asperiores tempora, 2
ea tempore ducimus, 3
assumenda placeat eaque, 2
iure dolores corporis, 3
placeat esse repellendus, 1
rem vel perferendis, 1
earum qui quod, 1
est quis quae, 3
repudiandae distinctio cum, 2
quod nesciunt quas, 3
numquam debitis distinctio, 2
minus quos excepturi, 1
perferendis odio est, 3
tenetur recusandae sunt, 2
recusandae repellendus reiciendis, 2
accusamus assumenda quo, 2
itaque voluptas voluptate, 3
reiciendis voluptatibus laboriosam, 2
reprehenderit sit voluptatem, 3
accusamus occaecati distinctio, 3
error maxime ducimus, 1
corporis totam ex, 1
iste suscipit esse, 1
nam adipisci dolorum, 3
a repellat numquam, 2
suscipit dolorem officiis, 1
excepturi expedita eveniet, 3
deserunt in aspernatur, 2
illum hic ratione, 3
et numquam aspernatur, 1
odit dolor libero, 3
illum adipisci quod, 3
maiores eius laboriosam, 3
voluptatem amet culpa, 2
suscipit doloremque veritatis, 3
aut doloremque necessitatibus, 2
dolore quia cumque, 1
facilis corrupti nemo, 3
soluta perspiciatis cupiditate, 2
vitae ullam soluta, 2
soluta doloribus officia, 1
sunt dicta voluptate, 3
sint illo fugiat, 1
totam iste at, 1
autem aut provident, 3
laudantium sunt autem, 1
ipsa provident aliquam, 1
quasi necessitatibus corrupti, 2
quasi voluptates veniam, 3
soluta dignissimos vel, 2
qui deleniti eligendi, 3
labore maxime dolores, 1
hic mollitia nostrum, 2
perspiciatis facilis sed, 1
voluptatum rerum odit, 2
perspiciatis doloribus cumque, 2
iure aliquid asperiores, 1
dolore molestiae recusandae, 3
eius impedit optio, 1
voluptatem sit voluptatibus, 1
ratione voluptatibus voluptate, 3
dolorum itaque qui, 3
voluptate earum ratione, 2
ipsa impedit labore, 1
id impedit fuga, 2
laudantium repudiandae dicta, 2
neque cum velit, 3
ea maiores necessitatibus, 3
veniam aut magni, 2
nemo occaecati voluptates, 3
ut natus natus, 3
atque eos error, 2
magni tempora tempora, 1
earum nemo reiciendis, 1
nostrum itaque veniam, 3
odio provident neque, 1
pariatur nisi neque, 3
quos consequuntur quod, 3
perferendis officiis cupiditate, 2
consectetur possimus earum, 3
nostrum delectus ipsa, 3
architecto veniam esse, 1
voluptate voluptatem ratione, 1
alias quo porro, 2
repellat debitis beatae, 3
non veritatis velit, 1
ipsam quasi exercitationem, 1
sit aperiam illum, 2
optio praesentium hic, 3
sed non quibusdam, 2
maxime exercitationem deserunt, 3
repellat harum voluptatum, 1
ipsam odit illo, 2
asperiores cupiditate excepturi, 2
exercitationem deserunt in, 1
temporibus hic vitae, 3
nulla non illo, 2
eius cum modi, 3
alias cum ex, 1
recusandae quaerat culpa, 2
sapiente animi necessitatibus, 1
exercitationem repellendus itaque, 3
dolorem voluptatem eum, 2
neque iusto soluta, 2
ea quo ipsam, 1
est consectetur odit, 1
laboriosam sunt error, 3
illo minus veritatis, 2
accusantium eaque occaecati, 2
magni ab distinctio, 2
numquam soluta veritatis, 3
ab atque illo, 1
reprehenderit maxime perferendis, 2
autem quos aliquid, 1
odio illo perspiciatis, 2
occaecati labore commodi, 3
commodi quod quis, 3
qui consequatur quam, 2
qui deserunt suscipit, 1
mollitia quos in, 2
illo necessitatibus quae, 3
maxime dignissimos earum, 1
voluptatem architecto tempora, 3
iusto fugit dolorum, 2
natus dolores commodi, 2
ab culpa aliquid, 2
voluptate quia perspiciatis, 2
modi enim aliquam, 3
hic voluptatum illum, 1
nulla qui consequuntur, 1
blanditiis ducimus consequatur, 1
numquam velit minus, 3
in pariatur in, 3
molestiae atque ab, 2
iusto placeat ex, 1
velit aspernatur iure, 1
voluptate eveniet eum, 2
amet aspernatur voluptatem, 2
nihil placeat recusandae, 2
porro sapiente beatae, 1
facilis eveniet deleniti, 3
aliquam asperiores soluta, 1
laborum nobis qui, 1
corrupti repellendus quasi, 2
ipsa officia nam, 3
quibusdam id eum, 3
harum quam quaerat, 1
incidunt voluptatibus voluptatem, 2
debitis aperiam commodi, 2
quae placeat tempora, 2
necessitatibus sunt neque, 1
reprehenderit repellendus dolorem, 3
sint dolor beatae, 2
ratione voluptatibus corrupti, 2
eveniet veniam quaerat, 1
error molestiae autem, 3
distinctio unde nam, 3
voluptatem delectus non, 2
beatae ut eveniet, 2
a id laborum, 1
quod quas inventore, 1
aut veritatis tempora, 3
quod quisquam numquam, 2
eos placeat provident, 1
autem corporis architecto, 3
dignissimos fuga nostrum, 1
dolorem esse autem, 1
neque accusantium nisi, 2
tenetur error cum, 1
libero sed totam, 2
inventore et quisquam, 3
voluptas soluta cupiditate, 3
tempora temporibus itaque, 3
saepe accusamus delectus, 3
ea tempora quos, 3
ex provident optio, 3
ipsam facere provident, 3
modi inventore ratione, 2
rerum labore facilis, 1
deleniti magnam dolorum, 2
expedita laboriosam quasi, 3
optio nihil quae, 3
dolorum error quos, 2
alias aperiam animi, 1
ipsam possimus soluta, 2
et corporis deserunt, 3
porro harum nesciunt, 2
vitae in necessitatibus, 1
id aliquam nulla, 2
soluta sunt a, 2
sunt est a, 2
placeat hic incidunt, 1
accusamus commodi suscipit, 2
nisi vitae reprehenderit, 2
repudiandae voluptate similique, 3
magnam voluptate iste, 1
earum voluptas doloremque, 2
odit repellendus natus, 2
eius doloremque exercitationem, 1
possimus neque rem, 3
culpa vel commodi, 2
consectetur commodi at, 1
quisquam vel consequuntur, 1
fuga quod atque, 1
delectus impedit laborum, 2
at optio facilis, 2
fuga consequatur quaerat, 2
illo debitis ab, 3
porro aspernatur quia, 1
repellat atque officia, 3
maiores hic maxime, 1
quo quos eveniet, 2
aspernatur nulla et, 1
vel earum quos, 1
rerum commodi saepe, 2
corporis autem incidunt, 2
atque et laudantium, 3
laboriosam iure pariatur, 1
voluptas recusandae distinctio, 3
pariatur modi eos, 2
tempora vel architecto, 3
quo dolor ab, 3
vel officia sint, 2
facilis veniam et, 1
ut occaecati natus, 3
aliquam et quibusdam, 3
culpa aspernatur tempore, 1
quia porro ab, 2
quasi dignissimos ex, 3
maiores atque totam, 1
debitis alias officiis, 1
ipsam labore ea, 1
tempore consequuntur soluta, 3
deleniti sed tempora, 3
maxime exercitationem omnis, 3
corrupti iusto natus, 3
sed qui pariatur, 1
dignissimos deserunt rerum, 3
nemo molestiae minus, 1
cupiditate corrupti nesciunt, 3
repudiandae repellendus temporibus, 2
facere esse magnam, 1
ullam doloremque veritatis, 1
exercitationem ratione dolor, 2
reprehenderit totam similique, 3
at quae ipsum, 3
quos magni ut, 3
tenetur quo illum, 1
quae aliquam pariatur, 1
ratione quia aliquam, 2
quidem est error, 2
rem iusto asperiores, 1
fuga dicta eius, 2
praesentium optio quod, 2
ratione eum atque, 2
esse veritatis officia, 2
laboriosam illo quis, 2
assumenda aut minus, 2
veritatis omnis quas, 2
expedita fugiat molestiae, 3
facere minima tenetur, 1
repellendus molestiae reiciendis, 3
praesentium neque accusamus, 2
tenetur quae nihil, 1
doloremque eius saepe, 2
rem ad consequatur, 3
ullam neque sed, 3
ab laboriosam blanditiis, 1
fuga voluptatibus dicta, 2
odit aspernatur sapiente, 3
minima ad reprehenderit, 2
esse tenetur voluptatum, 1
ullam nihil ex, 2
nulla ratione laborum, 3
neque saepe repudiandae, 3
nisi inventore totam, 1
aut repellat repellendus, 1
ut pariatur mollitia, 2
aut laboriosam a, 3
enim quo veniam, 3
recusandae dolore quam, 1
amet sed non, 2
sed blanditiis sed, 1
reprehenderit porro ratione, 2
reprehenderit debitis explicabo, 1
voluptate autem enim, 1
quae voluptatum architecto, 3
atque ab libero, 3
cum illo asperiores, 3
cumque natus nulla, 3
voluptatum vel tenetur, 2
esse fugiat fugit, 3
perferendis incidunt quasi, 1
dolore tenetur maiores, 2
aut maxime eaque, 3
nulla sequi porro, 2
corporis nisi vero, 3
ut quaerat doloremque, 3
nisi aliquam porro, 1
quam maxime quos, 2
a fugit minus, 2
officia rem consequatur, 1
dolore tenetur illo, 1
sequi nesciunt ipsam, 3
dolorum dolor culpa, 2
id asperiores veritatis, 2
vero voluptatibus rem, 3
nisi expedita corporis, 2
laboriosam similique temporibus, 3
exercitationem accusantium tempore, 3
molestias a amet, 2
saepe iusto incidunt, 3
illum blanditiis expedita, 1
quidem tempora veniam, 2
voluptas quia rerum, 2
velit facere natus, 2
officia ut nobis, 1
nam provident ipsa, 2
quo non nam, 1
recusandae ratione a, 1
molestiae ducimus cum, 1
fugiat voluptate accusamus, 2
nisi quisquam pariatur, 1
consequuntur vero at, 3
laudantium dolorem similique, 3
sit quisquam natus, 1
debitis porro iusto, 3
voluptate adipisci est, 2
iste delectus itaque, 1
esse repellat quaerat, 2
officia assumenda debitis, 1
temporibus itaque eligendi, 1
fugit ullam commodi, 2
voluptas quis consequatur, 3
voluptatibus rem nostrum, 3
quibusdam sint ipsum, 2
enim unde impedit, 2
modi voluptate consequuntur, 3
quis asperiores amet, 3
architecto quae cumque, 2
dolore odit eos, 1
nobis fuga sit, 1
enim est consequatur, 1
quia quisquam magni, 1
aperiam facere et, 1
impedit nisi corrupti, 2
nulla deserunt temporibus, 2
temporibus eaque est, 2
recusandae fugiat voluptatem, 3
laboriosam officia dolores, 2
libero earum qui, 2
amet placeat nemo, 3
doloribus earum officia, 3
odit sapiente consequatur, 3
alias adipisci ex, 1
ullam tempora sed, 3
dignissimos nam minima, 2
vitae vero id, 1
enim exercitationem vel, 2
illum veniam itaque, 1
laudantium temporibus ratione, 3
maxime id quam, 3
quam dolores deleniti, 2
animi perspiciatis alias, 1
possimus ullam facilis, 3
recusandae iusto hic, 1
a tenetur atque, 2
eaque facilis rem, 3
aut fugit quam, 2
quo accusamus similique, 1
possimus eveniet officiis, 3
iure autem enim, 2
porro illo nam, 1
rem aliquam vero, 1
deserunt rerum praesentium, 1
quis officiis quidem, 3
id doloribus reprehenderit, 2
dolorem itaque necessitatibus, 3
similique esse inventore, 3
eos architecto veniam, 2
in non nam, 2
neque soluta iure, 2
assumenda eligendi possimus, 3
fuga maxime labore, 1
id tenetur unde, 1
enim omnis rem, 1
dolorem distinctio deleniti, 3
tempora alias iusto, 2
sapiente odit velit, 3
asperiores natus blanditiis, 3
id quisquam ipsam, 2
ratione veniam atque, 1
temporibus quam sed, 3
ab nesciunt rem, 2
modi exercitationem expedita, 1
quisquam enim adipisci, 2
aspernatur non at, 2
dolores maiores perspiciatis, 3
quam incidunt expedita, 3
eaque quae consequatur, 3
deleniti saepe eaque, 1
ratione soluta cupiditate, 2
tempora molestias voluptas, 1
reprehenderit quasi excepturi, 3
excepturi tempora asperiores, 2
omnis iure laborum, 3
excepturi hic saepe, 2
cum omnis itaque, 1
quia voluptate ipsa, 1
similique aliquid quibusdam, 1
cupiditate enim incidunt, 3
velit dignissimos illum, 3
reprehenderit voluptatibus quasi, 1
earum magnam eligendi, 2
nulla unde perferendis, 2
provident placeat fugit, 3
unde explicabo nemo, 2
veniam tenetur dignissimos, 3
ullam nesciunt adipisci, 3
sapiente nesciunt assumenda, 2
nemo ullam ea, 3
sunt assumenda accusamus, 3
accusantium veritatis corporis, 3
repellendus corporis impedit, 1
commodi suscipit vel, 1
earum id dicta, 3
nostrum at blanditiis, 1
odio nemo id, 1
voluptates deleniti repudiandae, 2
iusto quidem atque, 2
esse ad doloremque, 1
alias minima laboriosam, 3
dolore eveniet libero, 2
rerum modi minus, 2
unde distinctio consequatur, 1
et omnis at, 3
est labore neque, 2
neque reprehenderit perspiciatis, 3
est repellendus exercitationem, 3
magnam minima excepturi, 3
sunt dolorum quod, 2
enim at provident, 3
saepe tempore aperiam, 1
eaque dolorum tempora, 3
quis in minus, 3
voluptatem eaque delectus, 1
architecto commodi sunt, 1
non natus corrupti, 1
ipsa pariatur minima, 1
adipisci at eum, 2
magni cumque deleniti, 1
incidunt fugiat perferendis, 2
soluta enim dolorem, 1
occaecati vero tenetur, 1
animi corrupti incidunt, 3
itaque iste facilis, 3
nam quisquam reiciendis, 3
culpa tenetur amet, 1
officiis repellat quidem, 2
impedit ipsum sequi, 3
dicta fugiat ipsum, 1
repellendus fugit nostrum, 1
corporis a molestias, 3
blanditiis laudantium deleniti, 3
blanditiis fugit delectus, 1
vitae officia nulla, 2
delectus a eius, 3
quas temporibus dicta, 2
dolorem non iure, 1
asperiores quibusdam nulla, 2
eius debitis consectetur, 2
quod quam assumenda, 1
ab et eligendi, 1
dolore soluta aperiam, 1
neque consequatur ipsam, 2
praesentium sed nam, 3
fugiat voluptatem non, 3
excepturi voluptatem ex, 3
fugit dolores officiis, 2
eaque quisquam dolore, 2
hic repellendus nisi, 2
eum pariatur harum, 2
aliquid maiores nobis, 2
odio iste placeat, 1
perspiciatis officia quisquam, 1
sapiente tenetur labore, 1
ducimus iusto maxime, 3
magnam accusamus dolorum, 3
voluptate molestiae officiis, 2
similique id atque, 2
odit explicabo soluta, 1
reprehenderit quam consequatur, 1
non quisquam quod, 1
dolorem distinctio sit, 3
tempora quam facere, 1
sint impedit atque, 3
est eveniet adipisci, 2
eum ut distinctio, 2
voluptatum natus iusto, 3
neque quibusdam consectetur, 3
provident reiciendis nihil, 2
ullam quo doloribus, 1
facere porro ea, 3
labore nam facilis, 2
officia vero consequatur, 1
aliquid velit quo, 2
occaecati ea fugit, 3
assumenda perferendis dolor, 2
cupiditate doloribus rerum, 1
nemo tenetur dicta, 2
architecto vitae sit, 2
iste quod eum, 2
earum architecto provident, 3
nesciunt expedita id, 2
doloribus id nihil, 2
nihil iste aperiam, 1
debitis est quis, 1
fugiat nesciunt facilis, 3
facere quasi tempora, 2
similique iure ab, 2
vel molestiae explicabo, 1
deserunt qui accusamus, 3
iste praesentium non, 2
voluptates quos sed, 3
dolore error assumenda, 1
error nisi ea, 3
officia dignissimos doloribus, 3
quasi enim adipisci, 3
nihil sapiente neque, 1
temporibus omnis aperiam, 1
optio quidem impedit, 2
fugiat sapiente adipisci, 1
explicabo expedita asperiores, 1
modi deleniti vel, 3
odio laudantium delectus, 3
fugiat itaque inventore, 1
consequuntur rerum ex, 3
rerum ea molestias, 3
omnis expedita esse, 1
rem ipsam ad, 3
quibusdam deleniti quam, 1
doloribus ipsam quasi, 1
eum aliquam asperiores, 1
maxime numquam dolor, 1
sit repudiandae dolor, 3
totam similique culpa, 3
laborum voluptas possimus, 3
reiciendis voluptatem commodi, 1
distinctio eaque minus, 2
molestiae sed quas, 3
perferendis quia eos, 1
numquam alias aspernatur, 1
reiciendis blanditiis magni, 1
iusto sed quo, 2
delectus maiores illo, 3
magnam earum dolorum, 3
temporibus culpa corrupti, 1
doloremque quidem quibusdam, 3
exercitationem cupiditate tempora, 2
accusamus voluptatibus nemo, 3
aut necessitatibus unde, 2
dolorem aspernatur hic, 1
incidunt id consequuntur, 2
tempore saepe id, 2
sit corrupti natus, 3
voluptatem facilis voluptate, 1
pariatur vel iusto, 3
molestiae quae cumque, 2
vitae dicta neque, 1
praesentium molestias illum, 1
corrupti voluptatibus maxime, 1
dignissimos corrupti hic, 3
illum ullam veritatis, 2
mollitia suscipit velit, 1
et voluptates hic, 1
enim cupiditate fugiat, 2
tempora est sit, 2
possimus est ipsa, 3
dolor consequatur dolore, 3
itaque perspiciatis laborum, 3
labore exercitationem quisquam, 3
vitae adipisci dignissimos, 3
dolorum iure nostrum, 2
error saepe sequi, 1
magni molestias error, 1
officia ullam cupiditate, 3
minima fuga optio, 3
aliquam at pariatur, 3
rem accusantium rem, 3
nemo voluptatum officia, 3
laboriosam numquam veniam, 2
vitae adipisci porro, 3
numquam vitae eveniet, 1
fugit sed culpa, 3
consequatur repudiandae eum, 1
modi in cupiditate, 2
architecto necessitatibus nostrum, 3
amet aperiam quos, 3
laboriosam nihil harum, 1
molestiae debitis corrupti, 3
nulla quis laborum, 3
dolorum voluptates quam, 1
dolor magni unde, 2
eveniet consequuntur veritatis, 1
ad repudiandae dolorem, 1
laboriosam in eligendi, 2
non iste perspiciatis, 3
consequuntur omnis nisi, 3
velit distinctio nobis, 1
rem dolor quisquam, 2
non dicta nulla, 1
natus aliquid sequi, 2
aliquam aliquam officiis, 1
doloremque odit sunt, 3
at atque doloribus, 3
magnam laborum esse, 1
est deserunt enim, 2
doloribus ipsa quo, 2
officiis nemo accusamus, 1
ducimus assumenda atque, 1
vero nesciunt earum, 1
adipisci neque sit, 3
cupiditate veritatis harum, 3
consequatur illo quis, 3
eum itaque inventore, 2
sit aut ad, 3
natus quia earum, 3
voluptate doloremque sed, 2
provident amet unde, 1
praesentium omnis et, 2
qui culpa reiciendis, 1
optio asperiores quibusdam, 3
similique veritatis ducimus, 3
voluptas laudantium laudantium, 1
eligendi ut commodi, 3
asperiores natus alias, 2
modi adipisci assumenda, 1
facilis neque optio, 2
cupiditate cupiditate facere, 1
laborum ipsum beatae, 2
alias quos harum, 3
iusto hic illo, 2
molestiae labore delectus, 1
nam praesentium porro, 1
neque aut cumque, 3
beatae deserunt magni, 3
adipisci vitae expedita, 1
quae provident totam, 1
totam inventore voluptatibus, 3
recusandae asperiores voluptatum, 3
est rem id, 3
velit odio quia, 3
beatae sit nulla, 3
magni assumenda minus, 3
molestias accusantium quasi, 3
a saepe atque, 1
adipisci hic neque, 2
corrupti laborum voluptate, 3
voluptatibus laborum quidem, 2
reiciendis repudiandae minus, 3
in totam quasi, 3
iure doloribus ex, 1
maxime modi ipsa, 2
error voluptatem illum, 3
quo veniam neque, 1
ipsa repellat a, 3
iusto tenetur animi, 3
ut reiciendis facilis, 2
repellat provident excepturi, 1
quas atque quas, 3
sunt nemo voluptas, 1
temporibus tempora accusantium, 2
dignissimos at beatae, 2
aliquam ratione quae, 3
quia porro corrupti, 1
ducimus nisi occaecati, 1
vero officiis praesentium, 3
fugiat pariatur excepturi, 1
dolorem neque repudiandae, 3
ullam nam ullam, 2
sed nobis voluptate, 1
reiciendis totam veniam, 2
assumenda minus maxime, 2
ea ab odit, 2
praesentium aperiam maiores, 2
error libero qui, 2
odio ex quas, 1
necessitatibus adipisci doloribus, 1
minima reprehenderit sit, 3
ab recusandae ratione, 2
sequi reiciendis autem, 2
asperiores voluptatibus odit, 3
asperiores dicta occaecati, 2
architecto commodi vero, 1
consequuntur aliquid ut, 1
voluptatibus commodi blanditiis, 3
ullam esse deleniti, 3
voluptatibus unde omnis, 2
quae consectetur delectus, 2
dolores quaerat cumque, 1
ipsam quia a, 3
facere sint sapiente, 2
possimus minima dolorum, 3
delectus laboriosam in, 1
enim aspernatur ab, 2
fuga aliquam veniam, 2
impedit quos consequatur, 3
cum repellendus omnis, 1
porro dolore incidunt, 1
sapiente suscipit magnam, 2
mollitia architecto debitis, 3
ullam amet reprehenderit, 1
adipisci unde doloribus, 1
dolores laudantium occaecati, 2
laudantium numquam asperiores, 2
at possimus dolore, 2
magni optio aperiam, 2
beatae laudantium alias, 2
itaque similique necessitatibus, 2
natus eius est, 3
itaque sit omnis, 3
delectus delectus aperiam, 2
est expedita rem, 3
itaque delectus cumque, 3
aspernatur laudantium illo, 1
voluptate aut illum, 2
facere quisquam fugit, 2
non illo maiores, 3
architecto nulla expedita, 3
enim quo aliquam, 2
molestias at minima, 3
dolore ipsum rem, 1
aut alias sed, 1
inventore cumque occaecati, 1
omnis molestiae voluptate, 1
eius saepe soluta, 2
sapiente totam iure, 2
asperiores earum commodi, 2
cumque unde cupiditate, 2
deleniti ipsam aperiam, 3
hic necessitatibus sed, 3
unde eius non, 3
et praesentium accusamus, 3
ab nulla quisquam, 1
ad ad rem, 2
cumque exercitationem minima, 1
modi in repellat, 3
ut cupiditate temporibus, 3
reiciendis voluptatem ab, 1
hic dolorum nesciunt, 1
tempora consequuntur aliquid, 3
illo dolor natus, 2
consectetur magnam cupiditate, 2
esse modi occaecati, 2
a recusandae aperiam, 3
corrupti fugit veritatis, 1
debitis fuga cupiditate, 1
maxime quas aperiam, 3
praesentium iste perferendis, 1
hic minus dolorem, 1
magni deserunt nam, 3
blanditiis dicta quam, 1
recusandae earum quae, 2
eaque quos officiis, 3
molestias harum sit, 2
aliquam sapiente a, 1
at eligendi quae, 1
aperiam ut fuga, 1
dolorum alias dolorem, 3
cumque incidunt doloremque, 1
id doloremque ex, 1
consequatur est minima, 1
natus modi dolores, 1
minus necessitatibus a, 2
quasi repellat sint, 1
officiis explicabo earum, 2
quae alias necessitatibus, 3
est nostrum provident, 1
eaque occaecati expedita, 3
possimus quas ullam, 3
adipisci omnis facilis, 3
dicta adipisci facere, 1
repellat eos assumenda, 3
numquam dolor maxime, 3
provident placeat repellendus, 1
reprehenderit laboriosam voluptatibus, 1
quo neque similique, 3
dolorum reiciendis nihil, 2
minima soluta sit, 3
debitis dicta quos, 1
aliquid fugiat error, 1
quo facilis porro, 1
tenetur reprehenderit eum, 3
iusto mollitia harum, 3
pariatur optio sequi, 3
pariatur maiores ex, 3
atque ipsa nulla, 2
voluptatem facere soluta, 1
magnam praesentium quibusdam, 1
officiis occaecati illum, 3
voluptates aspernatur debitis, 2
dolorum ex itaque, 3
a harum repellat, 1
alias quam veniam, 2
quis sunt illo, 2
dolorum tenetur et, 2
voluptatibus cumque asperiores, 3
consequuntur eum voluptatibus, 1
corporis quos veritatis, 3
nisi consequatur dolor, 1
deleniti dolore quae, 1
molestias ratione tenetur, 3
eius ratione tempora, 1
nobis dolore numquam, 3
autem nostrum possimus, 1
illum possimus magni, 1
sequi possimus culpa, 3
in accusamus rem, 1
facilis quisquam placeat, 2
ea unde odio, 3
numquam accusamus fugiat, 1
earum occaecati provident, 2
ad occaecati voluptas, 3
ut placeat esse, 3
quibusdam sed ipsum, 3
tempore corrupti laudantium, 1
nihil molestias perspiciatis, 3
amet explicabo rem, 3
consequatur commodi officia, 1
officia ex labore, 2
quia nihil assumenda, 2
pariatur fugit dicta, 3
doloremque impedit recusandae, 2
quia facere ullam, 1
nostrum dolore totam, 3
eaque sapiente temporibus, 3
ipsa exercitationem sapiente, 2
harum similique cupiditate, 3
at voluptatem sequi, 3
vitae et unde, 1
perferendis nulla inventore, 1
impedit mollitia rem, 1
assumenda corporis minima, 2
eligendi minus minus, 3
architecto veniam esse, 3
nobis molestias sit, 3
eos ipsum optio, 1
quaerat numquam a, 3
quia molestiae impedit, 2
qui quos dolorum, 1
praesentium debitis doloribus, 1
quasi natus veniam, 3
beatae exercitationem in, 3
molestias quos ex, 2
provident nam expedita, 1
ducimus voluptatem omnis, 1
exercitationem sint corrupti, 2
laudantium ipsum facere, 3
incidunt accusantium porro, 3
dolore voluptatum eligendi, 2
hic dolor ea, 3
impedit at aliquid, 3
beatae amet sunt, 1
ullam libero officiis, 2
maiores fuga adipisci, 3
mollitia reiciendis est, 2
quae voluptatibus libero, 2
alias consequatur expedita, 3
dolores similique qui, 3
sit iure voluptatibus, 1
error a veniam, 3
aliquid possimus beatae, 2
ea fugit consequatur, 1
error commodi debitis, 3
nihil repellendus reiciendis, 1
